event_id,event_date,entity_id,event_type,severity,estimated_impact
EV0001,2026-01-01,MAR006,qa_check,Medium,45108
EV0002,2026-01-02,MAR008,experiment,Medium,24511
EV0003,2026-01-03,MAR003,experiment,Medium,50065
EV0004,2026-01-04,MAR014,exception,Low,4850
EV0005,2026-01-05,MAR015,handoff,Low,27394
EV0006,2026-01-06,MAR032,qa_check,High,6803
EV0007,2026-01-07,MAR017,handoff,Medium,34726
EV0008,2026-01-08,MAR007,qa_check,High,18884
EV0009,2026-01-09,MAR027,launch,Low,23274
EV0010,2026-01-10,MAR023,qa_check,High,29060
EV0011,2026-01-11,MAR026,stakeholder_request,High,37497
EV0012,2026-01-12,MAR020,stakeholder_request,High,7145
EV0013,2026-01-13,MAR013,handoff,Medium,5982
EV0014,2026-01-14,MAR027,exception,Medium,44914
EV0015,2026-01-15,MAR020,launch,High,50544
EV0016,2026-01-16,MAR011,exception,High,35944
EV0017,2026-01-17,MAR006,exception,Low,26048
EV0018,2026-01-18,MAR019,exception,Low,28162
EV0019,2026-01-19,MAR008,stakeholder_request,High,41944
EV0020,2026-01-20,MAR022,exception,Low,13120
EV0021,2026-01-21,MAR019,launch,Medium,8526
EV0022,2026-01-22,MAR001,qa_check,Low,27488
EV0023,2026-01-23,MAR016,stakeholder_request,Low,10404
EV0024,2026-01-24,MAR033,handoff,High,51759
EV0025,2026-01-25,MAR005,handoff,Low,13704
EV0026,2026-01-26,MAR001,experiment,High,15182
EV0027,2026-01-27,MAR003,experiment,High,39976
EV0028,2026-01-28,MAR027,stakeholder_request,Medium,9909
EV0029,2026-01-29,MAR030,qa_check,Medium,34329
EV0030,2026-01-30,MAR026,stakeholder_request,High,44858
EV0031,2026-01-31,MAR003,launch,Medium,45779
EV0032,2026-02-01,MAR016,handoff,High,8802
EV0033,2026-02-02,MAR012,exception,Low,50322
EV0034,2026-02-03,MAR020,exception,Medium,48670
EV0035,2026-02-04,MAR009,handoff,High,34717
EV0036,2026-02-05,MAR036,handoff,Low,24072
EV0037,2026-02-06,MAR006,qa_check,Low,31998
EV0038,2026-02-07,MAR001,experiment,High,46536
EV0039,2026-02-08,MAR036,experiment,High,5696
EV0040,2026-02-09,MAR034,launch,Low,43473
EV0041,2026-02-10,MAR013,exception,Medium,46286
EV0042,2026-02-11,MAR022,launch,Low,46352
EV0043,2026-02-12,MAR007,stakeholder_request,High,4346
EV0044,2026-02-13,MAR001,qa_check,High,18599
EV0045,2026-02-14,MAR013,exception,Low,2444
EV0046,2026-02-15,MAR014,qa_check,High,47213
EV0047,2026-02-16,MAR036,exception,Medium,23236
EV0048,2026-02-17,MAR007,qa_check,Low,22602
EV0049,2026-02-18,MAR028,experiment,Medium,15784
EV0050,2026-02-19,MAR001,launch,Medium,42633
EV0051,2026-02-20,MAR026,exception,High,5097
EV0052,2026-02-21,MAR008,launch,High,47411
EV0053,2026-02-22,MAR008,stakeholder_request,Medium,50384
EV0054,2026-02-23,MAR015,qa_check,Medium,23762
EV0055,2026-02-24,MAR018,exception,Low,536
EV0056,2026-02-25,MAR025,handoff,High,6950
EV0057,2026-02-26,MAR004,exception,Medium,25312
EV0058,2026-02-27,MAR026,handoff,High,34102
EV0059,2026-02-28,MAR008,exception,Low,16758
EV0060,2026-03-01,MAR024,experiment,Low,49358
EV0061,2026-03-02,MAR018,experiment,Low,23839
EV0062,2026-03-03,MAR034,exception,Medium,18233
EV0063,2026-03-04,MAR010,qa_check,Low,20785
EV0064,2026-03-05,MAR022,launch,Medium,45207
EV0065,2026-03-06,MAR032,handoff,High,39166
EV0066,2026-03-07,MAR032,launch,Medium,31024
EV0067,2026-03-08,MAR015,exception,High,45673
EV0068,2026-03-09,MAR005,exception,High,2720
EV0069,2026-03-10,MAR034,exception,High,29134
EV0070,2026-03-11,MAR035,qa_check,Low,34857
EV0071,2026-03-12,MAR020,launch,Low,39231
EV0072,2026-03-13,MAR031,exception,Medium,19491
EV0073,2026-03-14,MAR017,handoff,High,22449
EV0074,2026-03-15,MAR033,launch,Medium,5844
EV0075,2026-03-16,MAR021,stakeholder_request,Medium,21740
EV0076,2026-03-17,MAR006,stakeholder_request,Low,28205
EV0077,2026-03-18,MAR005,exception,Medium,18899
EV0078,2026-03-19,MAR027,stakeholder_request,Medium,40046
EV0079,2026-03-20,MAR004,launch,High,37672
EV0080,2026-03-21,MAR001,handoff,Low,5854
EV0081,2026-03-22,MAR010,stakeholder_request,High,44071
EV0082,2026-03-23,MAR014,handoff,High,47689
EV0083,2026-03-24,MAR013,handoff,Medium,4411
EV0084,2026-03-25,MAR032,stakeholder_request,Medium,28454
EV0085,2026-03-26,MAR027,qa_check,High,49570
EV0086,2026-03-27,MAR025,qa_check,High,13888
EV0087,2026-03-28,MAR001,stakeholder_request,Medium,24465
EV0088,2026-03-29,MAR014,launch,Medium,16772
EV0089,2026-03-30,MAR024,launch,High,19242
EV0090,2026-03-31,MAR003,launch,Low,1862
EV0091,2026-04-01,MAR034,experiment,Low,28193
EV0092,2026-04-02,MAR009,exception,High,48535
EV0093,2026-04-03,MAR011,handoff,Medium,23886
EV0094,2026-04-04,MAR017,stakeholder_request,Medium,1655
EV0095,2026-04-05,MAR036,handoff,Low,34518
EV0096,2026-04-06,MAR035,experiment,High,1156
EV0097,2026-04-07,MAR032,qa_check,Medium,18480
EV0098,2026-04-08,MAR035,handoff,Low,36350
EV0099,2026-04-09,MAR032,experiment,Low,51148
EV0100,2026-04-10,MAR029,launch,Low,18447
EV0101,2026-04-11,MAR012,exception,High,51392
EV0102,2026-04-12,MAR032,qa_check,High,10795
EV0103,2026-04-13,MAR001,experiment,High,26296
EV0104,2026-04-14,MAR017,launch,Medium,50343
EV0105,2026-04-15,MAR007,qa_check,High,10106
EV0106,2026-04-16,MAR010,experiment,Low,23816
EV0107,2026-04-17,MAR009,exception,Medium,6394
EV0108,2026-04-18,MAR033,stakeholder_request,Medium,10617
EV0109,2026-04-19,MAR012,experiment,Medium,36436
EV0110,2026-04-20,MAR036,handoff,High,10939
EV0111,2026-04-21,MAR024,handoff,Medium,36318
EV0112,2026-04-22,MAR010,qa_check,Medium,37601
EV0113,2026-04-23,MAR029,stakeholder_request,High,14747
EV0114,2026-04-24,MAR014,stakeholder_request,Medium,5105
EV0115,2026-04-25,MAR019,qa_check,Low,8101
EV0116,2026-04-26,MAR020,stakeholder_request,Medium,33904
EV0117,2026-04-27,MAR025,qa_check,Medium,38673
EV0118,2026-04-28,MAR002,exception,Low,36894
EV0119,2026-04-29,MAR032,exception,High,24657
EV0120,2026-04-30,MAR018,exception,Medium,30128
EV0121,2026-05-01,MAR031,launch,High,2335
EV0122,2026-05-02,MAR031,experiment,Low,34740
EV0123,2026-05-03,MAR023,exception,Medium,42495
EV0124,2026-05-04,MAR016,exception,Low,33594
EV0125,2026-05-05,MAR029,handoff,Low,15561
EV0126,2026-05-06,MAR019,stakeholder_request,Low,34151
EV0127,2026-05-07,MAR005,qa_check,High,29442
EV0128,2026-05-08,MAR035,handoff,Low,31552
EV0129,2026-05-09,MAR016,handoff,Low,46604
EV0130,2026-05-10,MAR020,handoff,Low,26426
EV0131,2026-05-11,MAR002,handoff,Medium,19357
EV0132,2026-05-12,MAR035,stakeholder_request,Low,45906
EV0133,2026-05-13,MAR036,experiment,Low,28362
EV0134,2026-05-14,MAR001,experiment,Low,13376
EV0135,2026-05-15,MAR009,launch,High,12356
EV0136,2026-05-16,MAR007,experiment,High,33429
EV0137,2026-05-17,MAR023,launch,High,16095
EV0138,2026-05-18,MAR015,launch,Low,10544
EV0139,2026-05-19,MAR020,qa_check,High,29523
EV0140,2026-05-20,MAR010,launch,High,43486
EV0141,2026-01-01,MAR019,launch,Medium,36145
EV0142,2026-01-02,MAR015,exception,High,50419
EV0143,2026-01-03,MAR021,stakeholder_request,High,13136
EV0144,2026-01-04,MAR015,qa_check,High,15247
EV0145,2026-01-05,MAR016,launch,Low,37654
EV0146,2026-01-06,MAR025,launch,Medium,31159
EV0147,2026-01-07,MAR019,stakeholder_request,Medium,35882
EV0148,2026-01-08,MAR007,handoff,Medium,38410
EV0149,2026-01-09,MAR025,qa_check,Low,50283
EV0150,2026-01-10,MAR028,qa_check,Low,28807
EV0151,2026-01-11,MAR034,experiment,Low,46576
EV0152,2026-01-12,MAR018,launch,Medium,47421
EV0153,2026-01-13,MAR030,launch,High,32930
EV0154,2026-01-14,MAR028,exception,Low,43013
EV0155,2026-01-15,MAR024,exception,High,27880
EV0156,2026-01-16,MAR008,qa_check,Medium,30686
EV0157,2026-01-17,MAR022,experiment,High,31452
EV0158,2026-01-18,MAR012,exception,High,51748
EV0159,2026-01-19,MAR019,qa_check,Medium,51022
EV0160,2026-01-20,MAR004,handoff,Medium,33798
EV0161,2026-01-21,MAR025,qa_check,High,27378
EV0162,2026-01-22,MAR011,stakeholder_request,Medium,14528
EV0163,2026-01-23,MAR008,stakeholder_request,High,21515
EV0164,2026-01-24,MAR021,stakeholder_request,Low,8249
EV0165,2026-01-25,MAR017,exception,Low,44134
EV0166,2026-01-26,MAR021,handoff,High,30128
EV0167,2026-01-27,MAR003,exception,Medium,42875
EV0168,2026-01-28,MAR021,stakeholder_request,Medium,20653
EV0169,2026-01-29,MAR033,stakeholder_request,High,47257
EV0170,2026-01-30,MAR002,launch,Medium,30806
EV0171,2026-01-31,MAR031,experiment,Low,7842
EV0172,2026-02-01,MAR009,handoff,High,49964
EV0173,2026-02-02,MAR013,qa_check,Medium,50616
EV0174,2026-02-03,MAR007,handoff,Low,43015
EV0175,2026-02-04,MAR025,exception,Low,13593
EV0176,2026-02-05,MAR033,launch,Medium,42193
EV0177,2026-02-06,MAR011,experiment,High,16631
EV0178,2026-02-07,MAR003,experiment,Low,36129
EV0179,2026-02-08,MAR026,launch,Medium,4469
EV0180,2026-02-09,MAR029,stakeholder_request,High,16627
EV0181,2026-02-10,MAR011,launch,Medium,13989
EV0182,2026-02-11,MAR001,qa_check,Medium,28655
EV0183,2026-02-12,MAR036,launch,Low,32687
EV0184,2026-02-13,MAR031,stakeholder_request,High,17552
EV0185,2026-02-14,MAR024,stakeholder_request,Low,14868
EV0186,2026-02-15,MAR020,launch,Medium,39958
EV0187,2026-02-16,MAR012,qa_check,Low,4061
EV0188,2026-02-17,MAR021,exception,Medium,14464
EV0189,2026-02-18,MAR012,exception,High,1150
EV0190,2026-02-19,MAR005,stakeholder_request,Medium,41974
EV0191,2026-02-20,MAR002,launch,Medium,41722
EV0192,2026-02-21,MAR031,launch,Medium,8295
EV0193,2026-02-22,MAR025,exception,Low,19142
EV0194,2026-02-23,MAR035,exception,Low,13934
EV0195,2026-02-24,MAR028,experiment,High,25835
EV0196,2026-02-25,MAR024,handoff,Medium,34628
EV0197,2026-02-26,MAR014,launch,Medium,28298
EV0198,2026-02-27,MAR030,experiment,Medium,48579
EV0199,2026-02-28,MAR012,experiment,Medium,8819
EV0200,2026-03-01,MAR001,experiment,Medium,12417
EV0201,2026-03-02,MAR003,handoff,Medium,7431
EV0202,2026-03-03,MAR033,handoff,Medium,46379
EV0203,2026-03-04,MAR018,handoff,High,12565
EV0204,2026-03-05,MAR027,handoff,High,4704
EV0205,2026-03-06,MAR014,experiment,High,9439
EV0206,2026-03-07,MAR021,qa_check,Low,27754
EV0207,2026-03-08,MAR030,exception,High,31654
EV0208,2026-03-09,MAR009,qa_check,Low,15842
EV0209,2026-03-10,MAR018,stakeholder_request,High,10017
EV0210,2026-03-11,MAR008,launch,Medium,33291
EV0211,2026-03-12,MAR017,exception,Low,36577
EV0212,2026-03-13,MAR012,handoff,Medium,46207
EV0213,2026-03-14,MAR006,stakeholder_request,High,13883
EV0214,2026-03-15,MAR002,exception,Low,23965
EV0215,2026-03-16,MAR034,qa_check,Low,28455
EV0216,2026-03-17,MAR002,experiment,Low,43924
EV0217,2026-03-18,MAR017,stakeholder_request,High,6488
EV0218,2026-03-19,MAR034,launch,Low,38853
EV0219,2026-03-20,MAR001,exception,High,42255
EV0220,2026-03-21,MAR018,qa_check,Medium,11080
EV0221,2026-03-22,MAR021,launch,Medium,8744
EV0222,2026-03-23,MAR006,qa_check,Medium,43857
EV0223,2026-03-24,MAR019,exception,High,47009
EV0224,2026-03-25,MAR024,stakeholder_request,Medium,6946
EV0225,2026-03-26,MAR021,experiment,High,28736
EV0226,2026-03-27,MAR011,stakeholder_request,Medium,37922
EV0227,2026-03-28,MAR002,launch,High,535
EV0228,2026-03-29,MAR005,experiment,Low,48196
EV0229,2026-03-30,MAR013,experiment,High,13443
EV0230,2026-03-31,MAR035,qa_check,Low,4754
EV0231,2026-04-01,MAR033,exception,Medium,7153
EV0232,2026-04-02,MAR002,stakeholder_request,Low,9122
EV0233,2026-04-03,MAR011,experiment,Low,6457
EV0234,2026-04-04,MAR027,qa_check,Low,19040
EV0235,2026-04-05,MAR030,launch,Low,11908
EV0236,2026-04-06,MAR029,experiment,High,36859
EV0237,2026-04-07,MAR008,launch,Low,48203
EV0238,2026-04-08,MAR029,exception,Low,43662
EV0239,2026-04-09,MAR031,exception,Medium,9783
EV0240,2026-04-10,MAR033,experiment,Medium,39596
EV0241,2026-04-11,MAR003,experiment,Medium,24653
EV0242,2026-04-12,MAR033,stakeholder_request,Medium,35924
EV0243,2026-04-13,MAR004,handoff,Medium,48921
EV0244,2026-04-14,MAR028,exception,High,50301
EV0245,2026-04-15,MAR032,stakeholder_request,Medium,31052
EV0246,2026-04-16,MAR004,handoff,Medium,2264
EV0247,2026-04-17,MAR022,qa_check,Medium,27846
EV0248,2026-04-18,MAR020,launch,High,23939
EV0249,2026-04-19,MAR013,experiment,High,14630
EV0250,2026-04-20,MAR023,qa_check,High,1474
EV0251,2026-04-21,MAR003,exception,High,7676
EV0252,2026-04-22,MAR034,qa_check,High,46686
EV0253,2026-04-23,MAR033,stakeholder_request,Low,35325
EV0254,2026-04-24,MAR023,qa_check,Medium,44923
EV0255,2026-04-25,MAR030,qa_check,High,9346
EV0256,2026-04-26,MAR001,launch,Medium,30154
EV0257,2026-04-27,MAR015,launch,Medium,11499
EV0258,2026-04-28,MAR036,handoff,Medium,48269
EV0259,2026-04-29,MAR015,stakeholder_request,Medium,16827
EV0260,2026-04-30,MAR001,launch,Low,23605
EV0261,2026-05-01,MAR034,launch,Low,32159
EV0262,2026-05-02,MAR009,handoff,Medium,40683
EV0263,2026-05-03,MAR023,launch,High,31841
EV0264,2026-05-04,MAR006,launch,Medium,11172
EV0265,2026-05-05,MAR023,handoff,Low,51175
EV0266,2026-05-06,MAR009,qa_check,Medium,13566
EV0267,2026-05-07,MAR008,experiment,High,25585
EV0268,2026-05-08,MAR014,experiment,High,18080
EV0269,2026-05-09,MAR018,experiment,Medium,44998
EV0270,2026-05-10,MAR003,experiment,High,26767
EV0271,2026-05-11,MAR023,exception,Medium,44944
EV0272,2026-05-12,MAR013,experiment,Medium,10857
EV0273,2026-05-13,MAR008,exception,Low,15878
EV0274,2026-05-14,MAR029,experiment,Low,5804
EV0275,2026-05-15,MAR001,qa_check,High,9715
EV0276,2026-05-16,MAR003,handoff,Low,3563
EV0277,2026-05-17,MAR001,exception,Low,46588
EV0278,2026-05-18,MAR015,exception,Low,2579
EV0279,2026-05-19,MAR031,launch,Low,24823
EV0280,2026-05-20,MAR030,launch,High,9499
EV0281,2026-01-01,MAR015,exception,High,46134
EV0282,2026-01-02,MAR014,handoff,Medium,44100
EV0283,2026-01-03,MAR032,handoff,Low,23038
EV0284,2026-01-04,MAR032,experiment,High,44435
EV0285,2026-01-05,MAR036,exception,Low,10482
EV0286,2026-01-06,MAR028,stakeholder_request,Low,32700
EV0287,2026-01-07,MAR029,handoff,Low,25698
EV0288,2026-01-08,MAR016,stakeholder_request,High,26820
EV0289,2026-01-09,MAR013,exception,High,25771
EV0290,2026-01-10,MAR029,exception,Low,6752
EV0291,2026-01-11,MAR008,launch,High,42927
EV0292,2026-01-12,MAR011,qa_check,Medium,38507
EV0293,2026-01-13,MAR029,launch,High,14037
EV0294,2026-01-14,MAR031,experiment,High,40892
EV0295,2026-01-15,MAR014,handoff,Low,25348
EV0296,2026-01-16,MAR028,exception,Low,18969
EV0297,2026-01-17,MAR007,qa_check,Low,45425
EV0298,2026-01-18,MAR006,experiment,High,43236
EV0299,2026-01-19,MAR036,launch,High,21811
EV0300,2026-01-20,MAR017,exception,High,26020
EV0301,2026-01-21,MAR028,exception,Low,32414
EV0302,2026-01-22,MAR022,qa_check,Low,16098
EV0303,2026-01-23,MAR001,exception,High,28104
EV0304,2026-01-24,MAR003,launch,Medium,33029
EV0305,2026-01-25,MAR035,launch,Medium,42033
EV0306,2026-01-26,MAR025,qa_check,Low,7709
EV0307,2026-01-27,MAR020,stakeholder_request,High,41675
EV0308,2026-01-28,MAR010,handoff,Low,35144
EV0309,2026-01-29,MAR008,launch,High,41580
EV0310,2026-01-30,MAR006,exception,Low,12438
EV0311,2026-01-31,MAR020,handoff,Medium,13351
EV0312,2026-02-01,MAR014,experiment,Low,1008
EV0313,2026-02-02,MAR026,exception,High,4840
EV0314,2026-02-03,MAR032,stakeholder_request,High,25508
EV0315,2026-02-04,MAR026,handoff,Low,5057
EV0316,2026-02-05,MAR012,exception,Low,30479
EV0317,2026-02-06,MAR014,exception,High,18305
EV0318,2026-02-07,MAR028,experiment,Low,46215
EV0319,2026-02-08,MAR010,experiment,Low,38531
EV0320,2026-02-09,MAR013,experiment,Low,48847
EV0321,2026-02-10,MAR016,experiment,Low,26893
EV0322,2026-02-11,MAR016,qa_check,High,29648
EV0323,2026-02-12,MAR029,handoff,Medium,47049
EV0324,2026-02-13,MAR033,experiment,High,16055
EV0325,2026-02-14,MAR017,exception,High,43165
EV0326,2026-02-15,MAR002,launch,Low,44408
EV0327,2026-02-16,MAR035,qa_check,Medium,33139
EV0328,2026-02-17,MAR014,exception,Medium,32915
EV0329,2026-02-18,MAR002,handoff,High,47546
EV0330,2026-02-19,MAR007,experiment,Medium,18326
EV0331,2026-02-20,MAR018,launch,Low,20301
EV0332,2026-02-21,MAR036,experiment,High,35331
EV0333,2026-02-22,MAR024,exception,Low,43041
EV0334,2026-02-23,MAR024,launch,Low,50679
EV0335,2026-02-24,MAR030,handoff,Medium,4726
EV0336,2026-02-25,MAR020,experiment,Medium,3512
EV0337,2026-02-26,MAR016,handoff,Low,6957
EV0338,2026-02-27,MAR010,handoff,Low,3416
EV0339,2026-02-28,MAR001,experiment,High,10015
EV0340,2026-03-01,MAR011,stakeholder_request,Medium,16696
EV0341,2026-03-02,MAR002,stakeholder_request,High,48618
EV0342,2026-03-03,MAR021,qa_check,Medium,19368
EV0343,2026-03-04,MAR019,experiment,Low,38896
EV0344,2026-03-05,MAR025,launch,High,50367
EV0345,2026-03-06,MAR016,exception,Medium,587
EV0346,2026-03-07,MAR033,stakeholder_request,High,10474
EV0347,2026-03-08,MAR036,launch,Low,24947
EV0348,2026-03-09,MAR008,experiment,Medium,30970
EV0349,2026-03-10,MAR025,qa_check,Low,39884
EV0350,2026-03-11,MAR034,exception,Low,21495
EV0351,2026-03-12,MAR005,stakeholder_request,Low,41809
EV0352,2026-03-13,MAR010,exception,High,45137
EV0353,2026-03-14,MAR030,launch,High,21704
EV0354,2026-03-15,MAR023,handoff,Medium,27235
EV0355,2026-03-16,MAR019,launch,High,48910
EV0356,2026-03-17,MAR031,exception,High,33901
EV0357,2026-03-18,MAR022,exception,Medium,49135
EV0358,2026-03-19,MAR002,experiment,High,38760
EV0359,2026-03-20,MAR010,handoff,High,49179
EV0360,2026-03-21,MAR018,qa_check,High,1913
EV0361,2026-03-22,MAR013,qa_check,High,12879
EV0362,2026-03-23,MAR004,exception,High,3613
EV0363,2026-03-24,MAR004,qa_check,High,40770
EV0364,2026-03-25,MAR036,launch,Low,20666
EV0365,2026-03-26,MAR028,handoff,High,6469
EV0366,2026-03-27,MAR017,handoff,Medium,15041
EV0367,2026-03-28,MAR034,launch,Medium,20276
EV0368,2026-03-29,MAR010,qa_check,Low,25710
EV0369,2026-03-30,MAR027,stakeholder_request,Low,20489
EV0370,2026-03-31,MAR009,handoff,Medium,6203
EV0371,2026-04-01,MAR029,exception,Low,37449
EV0372,2026-04-02,MAR005,qa_check,Medium,25874
EV0373,2026-04-03,MAR005,stakeholder_request,High,48791
EV0374,2026-04-04,MAR034,launch,Low,10897
EV0375,2026-04-05,MAR023,stakeholder_request,Medium,43922
EV0376,2026-04-06,MAR008,stakeholder_request,Low,3478
EV0377,2026-04-07,MAR022,handoff,Medium,40215
EV0378,2026-04-08,MAR006,qa_check,High,12277
EV0379,2026-04-09,MAR002,launch,Low,50923
EV0380,2026-04-10,MAR020,exception,High,20562
EV0381,2026-04-11,MAR019,launch,Low,4809
EV0382,2026-04-12,MAR016,handoff,Medium,49069
EV0383,2026-04-13,MAR008,stakeholder_request,Medium,29497
EV0384,2026-04-14,MAR023,qa_check,Low,16094
EV0385,2026-04-15,MAR021,experiment,Medium,17043
EV0386,2026-04-16,MAR004,launch,Low,12791
EV0387,2026-04-17,MAR026,experiment,Medium,16723
EV0388,2026-04-18,MAR003,exception,Low,15197
EV0389,2026-04-19,MAR029,exception,Low,13035
EV0390,2026-04-20,MAR003,exception,High,11473
EV0391,2026-04-21,MAR005,stakeholder_request,High,15933
EV0392,2026-04-22,MAR020,qa_check,Low,29364
EV0393,2026-04-23,MAR007,stakeholder_request,High,51263
EV0394,2026-04-24,MAR022,stakeholder_request,High,12376
EV0395,2026-04-25,MAR007,handoff,Low,51433
EV0396,2026-04-26,MAR014,experiment,Medium,8177
EV0397,2026-04-27,MAR026,experiment,High,6788
EV0398,2026-04-28,MAR008,experiment,Medium,51208
EV0399,2026-04-29,MAR008,exception,Medium,17218
EV0400,2026-04-30,MAR024,qa_check,High,48525
EV0401,2026-05-01,MAR035,qa_check,Medium,37971
EV0402,2026-05-02,MAR014,exception,Low,29346
EV0403,2026-05-03,MAR009,stakeholder_request,Low,40694
EV0404,2026-05-04,MAR028,launch,High,37327
EV0405,2026-05-05,MAR002,launch,High,23191
EV0406,2026-05-06,MAR016,qa_check,High,26052
EV0407,2026-05-07,MAR026,stakeholder_request,Medium,22395
EV0408,2026-05-08,MAR015,launch,High,15245
EV0409,2026-05-09,MAR014,experiment,High,27565
EV0410,2026-05-10,MAR012,stakeholder_request,High,44194
EV0411,2026-05-11,MAR008,experiment,Low,51201
EV0412,2026-05-12,MAR010,handoff,Medium,25405
EV0413,2026-05-13,MAR017,launch,Medium,48669
EV0414,2026-05-14,MAR018,handoff,Medium,13463
EV0415,2026-05-15,MAR014,exception,High,47060
EV0416,2026-05-16,MAR034,handoff,Low,13618
EV0417,2026-05-17,MAR029,stakeholder_request,Low,19752
EV0418,2026-05-18,MAR021,stakeholder_request,Low,51092
EV0419,2026-05-19,MAR027,experiment,Low,21703
EV0420,2026-05-20,MAR022,handoff,Low,37596
EV0421,2026-01-01,MAR022,handoff,Medium,18956
EV0422,2026-01-02,MAR013,exception,Low,1576
EV0423,2026-01-03,MAR016,stakeholder_request,High,30365
EV0424,2026-01-04,MAR001,launch,High,12671
EV0425,2026-01-05,MAR024,exception,Medium,15039
EV0426,2026-01-06,MAR015,launch,Medium,6391
EV0427,2026-01-07,MAR002,handoff,High,20504
EV0428,2026-01-08,MAR007,launch,Low,24016
EV0429,2026-01-09,MAR003,launch,Low,25088
EV0430,2026-01-10,MAR006,qa_check,Low,43710
EV0431,2026-01-11,MAR017,experiment,High,41017
EV0432,2026-01-12,MAR009,experiment,Medium,20860
EV0433,2026-01-13,MAR009,stakeholder_request,Low,14741
EV0434,2026-01-14,MAR014,handoff,Medium,34624
EV0435,2026-01-15,MAR026,handoff,Medium,39463
EV0436,2026-01-16,MAR007,experiment,Low,25710
EV0437,2026-01-17,MAR016,qa_check,High,4405
EV0438,2026-01-18,MAR011,experiment,Low,860
EV0439,2026-01-19,MAR023,experiment,Low,19778
EV0440,2026-01-20,MAR029,launch,Low,34568
EV0441,2026-01-21,MAR030,qa_check,High,20976
EV0442,2026-01-22,MAR008,stakeholder_request,High,16502
EV0443,2026-01-23,MAR031,launch,Medium,45494
EV0444,2026-01-24,MAR015,exception,Medium,20153
EV0445,2026-01-25,MAR006,handoff,High,49555
EV0446,2026-01-26,MAR013,exception,Medium,5204
EV0447,2026-01-27,MAR017,stakeholder_request,Medium,36962
EV0448,2026-01-28,MAR024,qa_check,Medium,38113
EV0449,2026-01-29,MAR023,exception,Low,36668
EV0450,2026-01-30,MAR029,launch,High,915
EV0451,2026-01-31,MAR035,handoff,Low,32065
EV0452,2026-02-01,MAR014,launch,Medium,24250
EV0453,2026-02-02,MAR025,handoff,Low,47987
EV0454,2026-02-03,MAR004,stakeholder_request,Low,48096
EV0455,2026-02-04,MAR035,qa_check,Low,34941
EV0456,2026-02-05,MAR016,handoff,High,3737
EV0457,2026-02-06,MAR031,exception,Medium,14045
EV0458,2026-02-07,MAR010,qa_check,Low,50436
EV0459,2026-02-08,MAR002,experiment,Low,19198
EV0460,2026-02-09,MAR014,launch,Low,42835
EV0461,2026-02-10,MAR018,exception,Low,42457
EV0462,2026-02-11,MAR019,experiment,High,31573
EV0463,2026-02-12,MAR022,exception,Low,34139
EV0464,2026-02-13,MAR017,exception,Low,46115
EV0465,2026-02-14,MAR023,stakeholder_request,High,9139
EV0466,2026-02-15,MAR036,experiment,Low,35313
EV0467,2026-02-16,MAR020,handoff,Medium,1972
EV0468,2026-02-17,MAR012,stakeholder_request,High,17173
EV0469,2026-02-18,MAR031,stakeholder_request,Low,25025
EV0470,2026-02-19,MAR028,launch,Low,25849
EV0471,2026-02-20,MAR010,launch,Medium,30037
EV0472,2026-02-21,MAR030,exception,Medium,10352
EV0473,2026-02-22,MAR002,launch,Medium,27288
EV0474,2026-02-23,MAR018,stakeholder_request,Low,45478
EV0475,2026-02-24,MAR012,qa_check,Medium,2018
EV0476,2026-02-25,MAR032,launch,Medium,30957
EV0477,2026-02-26,MAR006,exception,High,40056
EV0478,2026-02-27,MAR009,stakeholder_request,Medium,11820
EV0479,2026-02-28,MAR012,stakeholder_request,High,44669
EV0480,2026-03-01,MAR010,stakeholder_request,High,38480
EV0481,2026-03-02,MAR005,launch,Medium,23134
EV0482,2026-03-03,MAR017,handoff,High,30040
EV0483,2026-03-04,MAR027,qa_check,Medium,16024
EV0484,2026-03-05,MAR015,launch,Low,1311
EV0485,2026-03-06,MAR023,stakeholder_request,Medium,29719
EV0486,2026-03-07,MAR021,exception,Low,35560
EV0487,2026-03-08,MAR023,handoff,Low,23624
EV0488,2026-03-09,MAR008,handoff,Low,2963
EV0489,2026-03-10,MAR032,experiment,High,3622
EV0490,2026-03-11,MAR033,stakeholder_request,High,3288
EV0491,2026-03-12,MAR021,experiment,High,15731
EV0492,2026-03-13,MAR033,stakeholder_request,Low,39288
EV0493,2026-03-14,MAR018,handoff,High,39987
EV0494,2026-03-15,MAR018,exception,Low,2324
EV0495,2026-03-16,MAR015,stakeholder_request,Low,42047
EV0496,2026-03-17,MAR030,exception,High,21695
EV0497,2026-03-18,MAR010,stakeholder_request,Medium,28006
EV0498,2026-03-19,MAR034,experiment,High,44691
EV0499,2026-03-20,MAR003,qa_check,High,50935
EV0500,2026-03-21,MAR008,stakeholder_request,Low,37871
EV0501,2026-03-22,MAR034,exception,Low,14641
EV0502,2026-03-23,MAR002,exception,Low,37046
EV0503,2026-03-24,MAR016,handoff,Medium,47136
EV0504,2026-03-25,MAR036,qa_check,Low,45997
EV0505,2026-03-26,MAR006,experiment,High,1841
EV0506,2026-03-27,MAR032,qa_check,Low,41400
EV0507,2026-03-28,MAR036,stakeholder_request,Low,43488
EV0508,2026-03-29,MAR026,experiment,High,32471
EV0509,2026-03-30,MAR003,launch,Low,1262
EV0510,2026-03-31,MAR015,handoff,Medium,20839
EV0511,2026-04-01,MAR030,launch,Low,12645
EV0512,2026-04-02,MAR009,experiment,Medium,15123
EV0513,2026-04-03,MAR015,exception,Medium,37487
EV0514,2026-04-04,MAR012,handoff,Medium,48741
EV0515,2026-04-05,MAR015,exception,Medium,44795
EV0516,2026-04-06,MAR023,stakeholder_request,High,46433
EV0517,2026-04-07,MAR001,stakeholder_request,High,48240
EV0518,2026-04-08,MAR035,exception,Low,2996
EV0519,2026-04-09,MAR010,stakeholder_request,Medium,41881
EV0520,2026-04-10,MAR031,stakeholder_request,High,10753
EV0521,2026-04-11,MAR031,exception,Medium,42110
EV0522,2026-04-12,MAR001,handoff,Medium,32724
EV0523,2026-04-13,MAR035,experiment,Medium,29817
EV0524,2026-04-14,MAR029,experiment,High,39526
EV0525,2026-04-15,MAR027,experiment,Low,50267
EV0526,2026-04-16,MAR013,experiment,High,46492
EV0527,2026-04-17,MAR029,experiment,Low,7207
EV0528,2026-04-18,MAR029,exception,Low,51001
EV0529,2026-04-19,MAR008,handoff,Medium,26681
EV0530,2026-04-20,MAR033,launch,Low,24536
EV0531,2026-04-21,MAR026,launch,Low,51568
EV0532,2026-04-22,MAR028,launch,Low,10954
EV0533,2026-04-23,MAR010,handoff,High,5841
EV0534,2026-04-24,MAR014,stakeholder_request,High,21978
EV0535,2026-04-25,MAR036,launch,Medium,13541
EV0536,2026-04-26,MAR028,exception,High,38907
EV0537,2026-04-27,MAR009,handoff,Medium,2974
EV0538,2026-04-28,MAR006,launch,Low,17545
EV0539,2026-04-29,MAR006,stakeholder_request,Medium,35119
EV0540,2026-04-30,MAR032,exception,High,50847
EV0541,2026-05-01,MAR020,handoff,Low,17263
EV0542,2026-05-02,MAR001,handoff,High,19787
EV0543,2026-05-03,MAR029,launch,Low,37855
EV0544,2026-05-04,MAR003,handoff,High,19943
EV0545,2026-05-05,MAR021,handoff,Medium,35068
EV0546,2026-05-06,MAR004,exception,High,18798
EV0547,2026-05-07,MAR011,stakeholder_request,Medium,35093
EV0548,2026-05-08,MAR002,handoff,High,31266
EV0549,2026-05-09,MAR017,exception,High,33142
EV0550,2026-05-10,MAR020,launch,High,40931
EV0551,2026-05-11,MAR026,handoff,Medium,32176
EV0552,2026-05-12,MAR031,stakeholder_request,High,27509
EV0553,2026-05-13,MAR031,stakeholder_request,High,33349
EV0554,2026-05-14,MAR013,qa_check,Medium,49022
EV0555,2026-05-15,MAR020,launch,Medium,29670
EV0556,2026-05-16,MAR035,experiment,Medium,18202
EV0557,2026-05-17,MAR030,exception,Medium,2887
EV0558,2026-05-18,MAR012,launch,High,48603
EV0559,2026-05-19,MAR021,stakeholder_request,High,26584
EV0560,2026-05-20,MAR032,launch,High,31435
EV0561,2026-01-01,MAR023,launch,Medium,12004
EV0562,2026-01-02,MAR024,exception,Medium,39624
EV0563,2026-01-03,MAR027,qa_check,Medium,23585
EV0564,2026-01-04,MAR001,qa_check,High,14075
EV0565,2026-01-05,MAR017,exception,Low,31216
EV0566,2026-01-06,MAR036,launch,High,19672
EV0567,2026-01-07,MAR028,handoff,Low,26217
EV0568,2026-01-08,MAR022,stakeholder_request,Medium,40983
EV0569,2026-01-09,MAR016,stakeholder_request,Low,37528
EV0570,2026-01-10,MAR036,stakeholder_request,Low,38690
EV0571,2026-01-11,MAR009,experiment,Medium,48124
EV0572,2026-01-12,MAR011,experiment,High,9236
EV0573,2026-01-13,MAR006,launch,High,17649
EV0574,2026-01-14,MAR014,experiment,High,47692
EV0575,2026-01-15,MAR004,handoff,Low,11265
EV0576,2026-01-16,MAR009,experiment,Low,1842
EV0577,2026-01-17,MAR027,handoff,Low,22718
EV0578,2026-01-18,MAR019,handoff,Low,4986
EV0579,2026-01-19,MAR029,experiment,Medium,6632
EV0580,2026-01-20,MAR022,launch,Low,33464
EV0581,2026-01-21,MAR020,launch,Low,17013
EV0582,2026-01-22,MAR018,launch,Low,33892
EV0583,2026-01-23,MAR030,stakeholder_request,Medium,39973
EV0584,2026-01-24,MAR024,qa_check,Medium,2132
EV0585,2026-01-25,MAR036,exception,Low,35678
EV0586,2026-01-26,MAR024,exception,Low,13959
EV0587,2026-01-27,MAR025,experiment,Medium,35007
EV0588,2026-01-28,MAR015,exception,High,1468
EV0589,2026-01-29,MAR012,launch,Medium,33437
EV0590,2026-01-30,MAR022,launch,High,47684
EV0591,2026-01-31,MAR023,handoff,Low,42642
EV0592,2026-02-01,MAR018,handoff,Low,14901
EV0593,2026-02-02,MAR021,stakeholder_request,High,42315
EV0594,2026-02-03,MAR034,exception,Low,51733
EV0595,2026-02-04,MAR020,qa_check,Medium,38200
EV0596,2026-02-05,MAR033,experiment,Medium,21887
EV0597,2026-02-06,MAR005,launch,Medium,20356
EV0598,2026-02-07,MAR004,exception,High,17657
EV0599,2026-02-08,MAR025,launch,Low,27628
EV0600,2026-02-09,MAR036,experiment,Medium,1129
EV0601,2026-02-10,MAR029,stakeholder_request,Low,9342
EV0602,2026-02-11,MAR006,exception,Low,15113
EV0603,2026-02-12,MAR019,experiment,Medium,50720
EV0604,2026-02-13,MAR001,experiment,Medium,36791
EV0605,2026-02-14,MAR017,qa_check,High,35010
EV0606,2026-02-15,MAR023,exception,Medium,40581
EV0607,2026-02-16,MAR022,stakeholder_request,Low,29838
EV0608,2026-02-17,MAR007,exception,Medium,12724
EV0609,2026-02-18,MAR036,qa_check,Medium,7275
EV0610,2026-02-19,MAR012,handoff,Medium,20585
EV0611,2026-02-20,MAR009,exception,Low,30628
EV0612,2026-02-21,MAR012,handoff,Medium,27678
EV0613,2026-02-22,MAR033,stakeholder_request,Medium,32444
EV0614,2026-02-23,MAR003,stakeholder_request,High,20907
EV0615,2026-02-24,MAR017,handoff,High,7738
EV0616,2026-02-25,MAR028,launch,Low,38025
EV0617,2026-02-26,MAR014,stakeholder_request,Low,4437
EV0618,2026-02-27,MAR022,launch,High,43812
EV0619,2026-02-28,MAR026,exception,Medium,14040
EV0620,2026-03-01,MAR005,launch,Medium,15476
EV0621,2026-03-02,MAR032,qa_check,Medium,20006
EV0622,2026-03-03,MAR015,exception,Medium,31263
EV0623,2026-03-04,MAR028,qa_check,High,49347
EV0624,2026-03-05,MAR005,stakeholder_request,Medium,1800
EV0625,2026-03-06,MAR005,handoff,High,21453
EV0626,2026-03-07,MAR016,exception,High,22640
EV0627,2026-03-08,MAR017,experiment,High,12129
EV0628,2026-03-09,MAR016,exception,Low,9042
EV0629,2026-03-10,MAR030,handoff,Low,5850
EV0630,2026-03-11,MAR034,qa_check,Low,3459
EV0631,2026-03-12,MAR019,launch,Low,11738
EV0632,2026-03-13,MAR015,qa_check,High,22746
EV0633,2026-03-14,MAR017,qa_check,High,28256
EV0634,2026-03-15,MAR013,experiment,Medium,11591
EV0635,2026-03-16,MAR015,launch,Low,11120
EV0636,2026-03-17,MAR036,stakeholder_request,Medium,5165
EV0637,2026-03-18,MAR005,qa_check,High,50435
EV0638,2026-03-19,MAR003,stakeholder_request,Medium,37483
EV0639,2026-03-20,MAR005,experiment,Low,36040
EV0640,2026-03-21,MAR015,exception,High,1490
EV0641,2026-03-22,MAR016,launch,Low,47080
EV0642,2026-03-23,MAR008,handoff,High,27370
EV0643,2026-03-24,MAR036,exception,Medium,23794
EV0644,2026-03-25,MAR006,handoff,Medium,40062
EV0645,2026-03-26,MAR005,stakeholder_request,High,9024
EV0646,2026-03-27,MAR017,launch,High,41003
EV0647,2026-03-28,MAR018,exception,Medium,32436
EV0648,2026-03-29,MAR023,qa_check,High,32591
EV0649,2026-03-30,MAR003,experiment,Low,49466
EV0650,2026-03-31,MAR035,stakeholder_request,Medium,48860
EV0651,2026-04-01,MAR002,qa_check,Medium,37987
EV0652,2026-04-02,MAR003,qa_check,High,34879
EV0653,2026-04-03,MAR003,stakeholder_request,Low,46685
EV0654,2026-04-04,MAR036,exception,High,38368
EV0655,2026-04-05,MAR033,qa_check,Low,40663
EV0656,2026-04-06,MAR011,exception,Medium,44034
EV0657,2026-04-07,MAR017,stakeholder_request,High,7759
EV0658,2026-04-08,MAR032,qa_check,High,17123
EV0659,2026-04-09,MAR032,launch,Medium,16587
EV0660,2026-04-10,MAR021,stakeholder_request,Low,1693
EV0661,2026-04-11,MAR008,exception,High,20289
EV0662,2026-04-12,MAR026,exception,Low,16105
EV0663,2026-04-13,MAR007,exception,Low,24014
EV0664,2026-04-14,MAR013,exception,Low,3236
EV0665,2026-04-15,MAR019,qa_check,High,49610
EV0666,2026-04-16,MAR012,launch,Low,41402
EV0667,2026-04-17,MAR009,experiment,Medium,541
EV0668,2026-04-18,MAR006,exception,Low,43510
EV0669,2026-04-19,MAR027,launch,Medium,45015
EV0670,2026-04-20,MAR032,exception,Low,25923
EV0671,2026-04-21,MAR020,exception,Medium,23835
EV0672,2026-04-22,MAR014,exception,Low,20043
EV0673,2026-04-23,MAR006,exception,High,45972
EV0674,2026-04-24,MAR033,stakeholder_request,Medium,38620
EV0675,2026-04-25,MAR014,handoff,Medium,5847
EV0676,2026-04-26,MAR003,exception,Medium,45267
EV0677,2026-04-27,MAR029,launch,Medium,30844
EV0678,2026-04-28,MAR035,qa_check,Medium,30207
EV0679,2026-04-29,MAR026,exception,High,5030
EV0680,2026-04-30,MAR027,experiment,Medium,37732
EV0681,2026-05-01,MAR009,experiment,Medium,23105
EV0682,2026-05-02,MAR017,stakeholder_request,High,42378
EV0683,2026-05-03,MAR035,stakeholder_request,Low,23560
EV0684,2026-05-04,MAR009,exception,Medium,34328
EV0685,2026-05-05,MAR018,launch,Low,43062
EV0686,2026-05-06,MAR022,qa_check,Medium,5025
EV0687,2026-05-07,MAR030,launch,Low,10554
EV0688,2026-05-08,MAR017,launch,Medium,39006
EV0689,2026-05-09,MAR023,exception,Medium,8073
EV0690,2026-05-10,MAR001,stakeholder_request,Medium,48458
EV0691,2026-05-11,MAR004,handoff,Medium,19789
EV0692,2026-05-12,MAR011,stakeholder_request,Medium,25991
EV0693,2026-05-13,MAR030,stakeholder_request,Medium,44762
EV0694,2026-05-14,MAR025,handoff,High,43124
EV0695,2026-05-15,MAR017,launch,Medium,6919
EV0696,2026-05-16,MAR010,launch,Low,46003
EV0697,2026-05-17,MAR003,exception,High,28744
EV0698,2026-05-18,MAR028,launch,Low,14822
EV0699,2026-05-19,MAR013,experiment,Low,38696
EV0700,2026-05-20,MAR020,experiment,Low,23478
EV0701,2026-01-01,MAR032,stakeholder_request,Medium,51339
EV0702,2026-01-02,MAR011,qa_check,Low,44929
EV0703,2026-01-03,MAR026,exception,Low,38689
EV0704,2026-01-04,MAR022,handoff,Medium,17286
EV0705,2026-01-05,MAR010,experiment,Medium,10792
EV0706,2026-01-06,MAR006,qa_check,Medium,16111
EV0707,2026-01-07,MAR029,handoff,High,48001
EV0708,2026-01-08,MAR003,launch,Low,17946
EV0709,2026-01-09,MAR020,launch,Low,27493
EV0710,2026-01-10,MAR026,stakeholder_request,High,27547
EV0711,2026-01-11,MAR002,launch,Medium,22487
EV0712,2026-01-12,MAR022,experiment,Low,2350
EV0713,2026-01-13,MAR035,experiment,Low,35194
EV0714,2026-01-14,MAR030,stakeholder_request,Medium,37645
EV0715,2026-01-15,MAR031,handoff,Medium,41976
EV0716,2026-01-16,MAR022,qa_check,Medium,39978
EV0717,2026-01-17,MAR027,qa_check,Medium,41729
EV0718,2026-01-18,MAR015,qa_check,Medium,21763
EV0719,2026-01-19,MAR015,handoff,Low,4487
EV0720,2026-01-20,MAR004,exception,High,38619
EV0721,2026-01-21,MAR027,stakeholder_request,Low,29233
EV0722,2026-01-22,MAR020,handoff,High,26925
EV0723,2026-01-23,MAR018,handoff,Medium,41448
EV0724,2026-01-24,MAR020,qa_check,Medium,5088
EV0725,2026-01-25,MAR012,launch,Low,8859
EV0726,2026-01-26,MAR003,exception,Medium,20542
EV0727,2026-01-27,MAR010,qa_check,Medium,5918
EV0728,2026-01-28,MAR024,exception,Low,48448
EV0729,2026-01-29,MAR008,launch,Low,23998
EV0730,2026-01-30,MAR016,exception,High,48130
EV0731,2026-01-31,MAR005,exception,Low,42301
EV0732,2026-02-01,MAR004,qa_check,High,22722
EV0733,2026-02-02,MAR006,qa_check,Low,50496
EV0734,2026-02-03,MAR021,qa_check,Medium,30529
EV0735,2026-02-04,MAR017,exception,High,23067
EV0736,2026-02-05,MAR019,qa_check,High,45119
EV0737,2026-02-06,MAR033,handoff,Low,51378
EV0738,2026-02-07,MAR025,stakeholder_request,Low,24621
EV0739,2026-02-08,MAR020,stakeholder_request,Medium,15470
EV0740,2026-02-09,MAR004,handoff,Medium,35751
EV0741,2026-02-10,MAR034,launch,Medium,31560
EV0742,2026-02-11,MAR001,handoff,High,20550
EV0743,2026-02-12,MAR010,exception,High,27271
EV0744,2026-02-13,MAR023,stakeholder_request,Medium,29847
EV0745,2026-02-14,MAR012,launch,High,41072
EV0746,2026-02-15,MAR027,handoff,High,47938
EV0747,2026-02-16,MAR003,stakeholder_request,Medium,9948
EV0748,2026-02-17,MAR004,exception,Medium,26479
EV0749,2026-02-18,MAR016,exception,Medium,23775
EV0750,2026-02-19,MAR025,stakeholder_request,Low,24607
EV0751,2026-02-20,MAR019,handoff,Medium,16425
EV0752,2026-02-21,MAR024,exception,Medium,43274
EV0753,2026-02-22,MAR032,exception,Medium,26581
EV0754,2026-02-23,MAR009,launch,High,17298
EV0755,2026-02-24,MAR016,exception,High,49781
EV0756,2026-02-25,MAR013,exception,High,16639
EV0757,2026-02-26,MAR011,qa_check,Low,48170
EV0758,2026-02-27,MAR004,stakeholder_request,High,38886
EV0759,2026-02-28,MAR016,stakeholder_request,Low,14977
EV0760,2026-03-01,MAR035,exception,High,10973
